Workbook

Sheet Sheet1
H13: Crude oil Price forecast per bbl
G15: Parameter | H15: 7 day | I15: % accuracy | J15: 15 day | K15: % accuracy
G16: Brent | H16: =Details!G2 -> 113.96 | I16: =Details!O2 -> 0.95378685 | J16: =Details!G3 -> 113.96 | K16: =Details!O3 -> 0.93130337
G17: WTI | H17: =Details!G4 -> 96.16 | I17: =Details!O4 -> 0.95395519 | J17: =Details!G5 -> 96.16 | K17: =Details!O5 -> 0.93135188
G18: Henry Hub ($/MMBtu) | H18: =Details!G6 -> 3.18 | I18: =Details!O6 -> 0.89018973 | J18: =Details!G7 -> 2.9056823 | K18: =Details!O7 -> 0.8586176
G20: Forecast made on prices up to 2026-09-29; 7 day = 2026-10-06, 15 day = 2026-10-14.
G21: Prices in $/bbl except Henry Hub ($/MMBtu).
G22: % accuracy = 100% - average % error of the forecast in an 8-year out-of-sample backtest.
G23: Price ranges and probability of a rise: see the Details sheet.

Sheet Details
A1: Market | B1: Unit | C1: Horizon (days) | D1: As of | E1: Target date | F1: Last price | G1: Forecast | H1: Change % | I1: 80% low | J1: 80% high | K1: 95% low | L1: 95% high | M1: P(rise) | N1: Backtest mean abs. error | O1: % accuracy | P1: Within ±5% | Q1: 80% range hit rate | R1: 80% range hit rate, last 2 yrs | S1: Model used
A2: Brent | B2: $/bbl | C2: 7 | D2: 46294 | E2: 46301 | F2: 113.96 | G2: 113.96 | H2: =G2/F2-1 -> 0 | I2: 101.31059 | J2: 127.16241 | K2: 92.662181 | L2: 135.74006 | M2: 0.52929875 | N2: 0.046213145 | O2: =1-N2 -> 0.95378685 | P2: 0.69404419 | Q2: 0.78708265 | R2: 0.78916828 | S2: No-change (random walk)
A3: Brent | B3: $/bbl | C3: 15 | D3: 46294 | E3: 46309 | F3: 113.96 | G3: 113.96 | H3: =G3/F3-1 -> 0 | I3: 95.007948 | J3: 134.31555 | K3: 82.363639 | L3: 151.43694 | M3: 0.54816956 | N3: 0.068696629 | O3: =1-N3 -> 0.93130337 | P3: 0.5327553 | Q3: 0.79504132 | R3: 0.78277886 | S3: No-change (random walk)
A4: WTI | B4: $/bbl | C4: 7 | D4: 46294 | E4: 46301 | F4: 96.16 | G4: 96.16 | H4: =G4/F4-1 -> 0 | I4: 81.661278 | J4: 111.4676 | K4: 71.943981 | L4: 120.75584 | M4: 0.53362152 | N4: 0.046044807 | O4: =1-N4 -> 0.95395519 | P4: 0.69980788 | Q4: 0.80076628 | R4: 0.8065764 | S4: No-change (random walk)
A5: WTI | B5: $/bbl | C5: 15 | D5: 46294 | E5: 46309 | F5: 96.16 | G5: 96.16 | H5: =G5/F5-1 -> 0 | I5: 75.069947 | J5: 118.91358 | K5: 61.716597 | L5: 137.36189 | M5: 0.5544316 | N5: 0.068648117 | O5: =1-N5 -> 0.93135188 | P5: 0.53323699 | Q5: 0.80881543 | R5: 0.81604697 | S5: No-change (random walk)
A6: Henry Hub | B6: $/MMBtu | C6: 7 | D6: 46294 | E6: 46301 | F6: 3.18 | G6: 3.18 | H6: =G6/F6-1 -> 0 | I6: 2.9362024 | J6: 3.4525363 | K6: 2.7734181 | L6: 3.6876889 | M6: 0.49855908 | N6: 0.10981027 | O6: =1-N6 -> 0.89018973 | P6: 0.42026897 | Q6: 0.81335523 | R6: 0.82398453 | S6: No-change (random walk)
A7: Henry Hub | B7: $/MMBtu | C7: 15 | D7: 46294 | E7: 46309 | F7: 3.18 | G7: 2.9056823 | H7: =G7/F7-1 -> -0.086263416 | I7: 2.6128011 | J7: 3.3273135 | K7: 2.4334485 | L7: 3.6648934 | M7: 0.18882466 | N7: 0.1413824 | O7: =1-N7 -> 0.8586176 | P7: 0.27119461 | Q7: 0.81267218 | R7: 0.84344423 | S7: Ridge regression
A9: Data: FRED / EIA APIs + EIA spot prices (github.com/datasets mirror). Blue = model output (python run_forecast.py); black = formula.
A10: % accuracy = 1 - backtest mean absolute % error of the forecast price (8-year walk-forward, out-of-sample).
A11: 80%/95% range: the actual price is expected inside it 80%/95% of the time; '80% range hit rate' is how often that happened in the backtest.
A12: 7 and 15 calendar days = 5 and 11 trading days after the as-of date.
